-- phpMyAdmin SQL Dump
-- version 5.2.1
-- https://www.phpmyadmin.net/
--
-- Host: 127.0.0.1
-- Generation Time: Jun 09, 2025 at 05:22 PM
-- Server version: 10.4.32-MariaDB
-- PHP Version: 8.2.12

SET SQL_MODE = "NO_AUTO_VALUE_ON_ZERO";
START TRANSACTION;
SET time_zone = "+00:00";


/*!40101 SET @OLD_CHARACTER_SET_CLIENT=@@CHARACTER_SET_CLIENT */;
/*!40101 SET @OLD_CHARACTER_SET_RESULTS=@@CHARACTER_SET_RESULTS */;
/*!40101 SET @OLD_COLLATION_CONNECTION=@@COLLATION_CONNECTION */;
/*!40101 SET NAMES utf8mb4 */;

--
-- Database: `final_project`
--

-- --------------------------------------------------------

--
-- Table structure for table `cameras`
--

CREATE TABLE `cameras` (
  `id` int(11) NOT NULL,
  `user_id` int(11) NOT NULL,
  `name` varchar(100) NOT NULL,
  `location` varchar(255) NOT NULL,
  `type` enum('built-in','usb') NOT NULL,
  `status` enum('Online','Offline') NOT NULL,
  `created_at` timestamp NOT NULL DEFAULT current_timestamp()
) ENGINE=InnoDB DEFAULT CHARSET=utf8mb4 COLLATE=utf8mb4_general_ci;

--
-- Dumping data for table `cameras`
--

INSERT INTO `cameras` (`id`, `user_id`, `name`, `location`, `type`, `status`, `created_at`) VALUES
(6, 1, 'Front', 'Haliyal', 'usb', 'Online', '2025-04-26 08:59:13');

-- --------------------------------------------------------

--
-- Table structure for table `devices`
--

CREATE TABLE `devices` (
  `id` int(11) NOT NULL,
  `room_id` int(11) NOT NULL,
  `name` varchar(100) NOT NULL,
  `type` enum('switch','lock','window','curtain','sensor') NOT NULL,
  `status` varchar(50) NOT NULL,
  `created_at` timestamp NOT NULL DEFAULT current_timestamp()
) ENGINE=InnoDB DEFAULT CHARSET=utf8mb4 COLLATE=utf8mb4_general_ci;

--
-- Dumping data for table `devices`
--

INSERT INTO `devices` (`id`, `room_id`, `name`, `type`, `status`, `created_at`) VALUES
(1, 1, 'Air Conditioner', 'switch', 'On', '2025-04-22 06:39:34'),
(2, 1, 'Television', 'switch', 'On', '2025-04-22 06:39:34'),
(3, 1, 'Door Lock', 'lock', 'UNLOCKED', '2025-04-22 06:39:34'),
(4, 1, 'Curtain', 'curtain', 'CLOSED', '2025-04-22 06:39:34'),
(5, 1, 'Windows', 'window', 'Closed', '2025-04-22 06:39:34'),
(6, 2, 'Air Conditioner', 'switch', 'On', '2025-04-22 09:31:25'),
(7, 2, 'Television', 'switch', 'On', '2025-04-22 09:31:25'),
(8, 2, 'Door Lock', 'lock', 'UNLOCKED', '2025-04-22 09:31:25'),
(9, 2, 'Curtain', 'curtain', 'CLOSED', '2025-04-22 09:31:25'),
(10, 2, 'Windows', 'window', 'Closed', '2025-04-22 09:31:25');

-- --------------------------------------------------------

--
-- Table structure for table `media_settings`
--

CREATE TABLE `media_settings` (
  `id` int(11) NOT NULL,
  `user_id` int(11) NOT NULL,
  `station` varchar(100) DEFAULT 'JAZZ VIBES',
  `volume` int(11) DEFAULT 60,
  `playing` tinyint(1) DEFAULT 1,
  `bluetooth_connected` tinyint(1) DEFAULT 0,
  `created_at` timestamp NOT NULL DEFAULT current_timestamp()
) ENGINE=InnoDB DEFAULT CHARSET=utf8mb4 COLLATE=utf8mb4_general_ci;

--
-- Dumping data for table `media_settings`
--

INSERT INTO `media_settings` (`id`, `user_id`, `station`, `volume`, `playing`, `bluetooth_connected`, `created_at`) VALUES
(1, 1, 'JAZZ VIBES', 60, 1, 0, '2025-04-22 06:39:34'),
(2, 2, 'JAZZ VIBES', 60, 1, 0, '2025-04-22 09:31:25');

-- --------------------------------------------------------

--
-- Table structure for table `rooms`
--

CREATE TABLE `rooms` (
  `id` int(11) NOT NULL,
  `user_id` int(11) NOT NULL,
  `name` varchar(100) NOT NULL,
  `temperature` int(11) DEFAULT 25,
  `humidity` int(11) DEFAULT 8,
  `created_at` timestamp NOT NULL DEFAULT current_timestamp()
) ENGINE=InnoDB DEFAULT CHARSET=utf8mb4 COLLATE=utf8mb4_general_ci;

--
-- Dumping data for table `rooms`
--

INSERT INTO `rooms` (`id`, `user_id`, `name`, `temperature`, `humidity`, `created_at`) VALUES
(1, 1, 'Living Room', 25, 8, '2025-04-22 06:39:34'),
(2, 2, 'Living Room', 25, 8, '2025-04-22 09:31:25');

-- --------------------------------------------------------

--
-- Table structure for table `sensors_data`
--

CREATE TABLE `sensors_data` (
  `id` int(11) NOT NULL,
  `room_id` int(11) NOT NULL,
  `temperature` float NOT NULL,
  `lux` int(11) NOT NULL,
  `humidity` float NOT NULL,
  `head_count` int(11) NOT NULL,
  `recorded_at` datetime NOT NULL
) ENGINE=InnoDB DEFAULT CHARSET=utf8mb4 COLLATE=utf8mb4_general_ci;

-- --------------------------------------------------------

--
-- Table structure for table `sensor_reading`
--

CREATE TABLE `sensor_reading` (
  `id` int(11) NOT NULL,
  `temperature` float NOT NULL,
  `humidity` float NOT NULL,
  `lux` int(11) NOT NULL,
  `head_count` int(11) NOT NULL,
  `recorded_at` datetime NOT NULL,
  `room_id` int(11) NOT NULL
) ENGINE=InnoDB DEFAULT CHARSET=utf8mb4 COLLATE=utf8mb4_general_ci;

--
-- Dumping data for table `sensor_reading`
--

INSERT INTO `sensor_reading` (`id`, `temperature`, `humidity`, `lux`, `head_count`, `recorded_at`, `room_id`) VALUES
(534, 33.2, 52, 0, 0, '2025-04-23 11:48:12', 1),
(535, 33.2, 52, 0, 0, '2025-04-23 11:48:53', 1),
(536, 33.2, 52, 0, 0, '2025-04-23 11:49:10', 1),
(537, 33.2, 52, 0, 0, '2025-04-23 11:49:26', 1),
(538, 33.2, 52, 0, 0, '2025-04-23 11:49:45', 1),
(539, 33.2, 52, 0, 0, '2025-04-23 11:53:25', 1),
(540, 33.2, 52, 0, 0, '2025-04-23 11:53:42', 1),
(541, 33.2, 52, 0, 0, '2025-04-23 11:54:26', 1),
(542, 33.2, 52, 0, 0, '2025-04-23 11:56:10', 1),
(543, 33.2, 52, 0, 0, '2025-04-23 11:57:10', 1),
(544, 33.2, 52, 0, 0, '2025-04-23 11:57:29', 1),
(546, 33.2, 52, 0, 0, '2025-04-23 12:11:37', 1),
(547, 33.2, 52, 0, 0, '2025-04-23 12:15:49', 1),
(548, 33.2, 52, 0, 0, '2025-04-23 12:17:03', 1),
(549, 33.2, 52, 0, 0, '2025-04-23 12:46:38', 1),
(550, 33.2, 52, 0, 0, '2025-04-23 13:01:21', 1),
(551, 33.2, 52, 0, 0, '2025-04-23 13:03:13', 1),
(552, 33.2, 52, 0, 0, '2025-04-23 13:03:29', 1),
(553, 33.2, 52, 0, 0, '2025-04-23 13:06:47', 1),
(554, 33.2, 52, 0, 0, '2025-04-23 13:07:46', 1),
(555, 33.1, 55, 44, 0, '2025-04-23 13:50:10', 1),
(556, 33.3, 55, 53, 0, '2025-04-23 13:58:21', 1),
(557, 33.3, 55, 53, 0, '2025-04-23 14:04:45', 1),
(558, 33.3, 55, 53, 0, '2025-04-23 14:05:03', 1),
(559, 33.3, 55, 53, 0, '2025-04-23 14:05:31', 1),
(560, 33.3, 55, 53, 0, '2025-04-23 14:07:05', 1),
(561, 33.3, 55, 53, 0, '2025-04-23 14:07:23', 1),
(562, 33.3, 55, 53, 0, '2025-04-23 14:08:04', 1),
(563, 33.3, 55, 53, 0, '2025-04-23 14:40:07', 1),
(564, 33.3, 55, 53, 0, '2025-04-23 14:48:31', 1),
(565, 33.3, 55, 53, 0, '2025-04-23 14:48:47', 1),
(566, 33.3, 55, 53, 0, '2025-04-23 14:49:04', 1),
(567, 33.3, 55, 53, 0, '2025-04-23 14:49:20', 1),
(568, 33.3, 55, 53, 0, '2025-04-23 14:55:28', 1),
(569, 33.3, 55, 53, 0, '2025-04-23 14:55:44', 1),
(570, 33.3, 55, 53, 0, '2025-04-23 17:57:01', 1),
(571, 33.3, 55, 53, 0, '2025-04-23 18:17:30', 1),
(572, 33.3, 55, 53, 0, '2025-04-23 18:43:43', 1),
(573, 33.3, 55, 53, 0, '2025-04-23 23:40:10', 1),
(574, 33.3, 55, 53, 0, '2025-04-23 23:46:16', 1),
(575, 33.3, 55, 53, 0, '2025-04-23 23:46:39', 1),
(576, 33.3, 55, 53, 0, '2025-04-23 23:47:36', 1),
(577, 33.3, 55, 53, 0, '2025-04-26 14:16:52', 1),
(578, 33.3, 55, 53, 0, '2025-04-26 14:17:30', 1),
(579, 33.3, 55, 53, 0, '2025-04-26 14:18:42', 1),
(580, 33.3, 55, 53, 0, '2025-04-26 14:36:23', 1),
(581, 33.3, 55, 53, 0, '2025-04-26 17:00:33', 1),
(582, 33.3, 55, 53, 0, '2025-04-26 17:00:50', 1),
(583, 33.3, 55, 53, 0, '2025-04-26 17:01:07', 1),
(584, 33.3, 55, 53, 0, '2025-04-26 17:01:25', 1),
(585, 33.3, 55, 53, 0, '2025-04-26 17:14:48', 1),
(586, 33.3, 55, 53, 0, '2025-04-26 17:16:24', 1),
(587, 33.3, 55, 53, 0, '2025-04-27 18:09:32', 1),
(588, 33.3, 55, 53, 0, '2025-04-27 18:13:08', 1),
(589, 33.3, 55, 53, 0, '2025-04-27 18:15:18', 1),
(590, 33.3, 55, 53, 0, '2025-04-27 18:15:35', 1),
(591, 33.3, 55, 53, 0, '2025-04-27 18:21:00', 1),
(592, 33.3, 55, 53, 0, '2025-04-27 19:47:40', 1),
(593, 33.3, 55, 53, 0, '2025-04-28 11:30:46', 1),
(594, 33.3, 55, 53, 0, '2025-04-28 11:32:34', 1),
(595, 32.6, 95, 25, 0, '2025-04-28 12:02:17', 1),
(596, 32.6, 95, 25, 0, '2025-04-28 12:02:35', 1),
(597, 32.6, 95, 25, 0, '2025-04-28 12:02:53', 1),
(598, 32.6, 95, 12, 0, '2025-04-28 12:03:11', 1),
(599, 32.5, 95, 9, 0, '2025-04-28 12:03:29', 1),
(600, 32.6, 95, 6, 0, '2025-04-28 12:03:47', 1),
(601, 32.8, 95, 12, 0, '2025-04-28 12:07:47', 1),
(602, 32.7, 95, 14, 0, '2025-04-28 12:08:04', 1),
(603, 32.7, 95, 14, 0, '2025-04-28 12:08:22', 1),
(604, 32.6, 95, 13, 0, '2025-04-28 12:08:40', 1),
(605, 32.7, 95, 12, 0, '2025-04-28 12:08:58', 1),
(606, 32.6, 95, 13, 0, '2025-04-28 12:09:45', 1),
(607, 32.6, 95, 12, 0, '2025-04-28 12:10:03', 1),
(608, 32.6, 95, 15, 0, '2025-04-28 12:10:21', 1),
(609, 32.7, 95, 380, 0, '2025-04-28 12:10:38', 1),
(610, 32.6, 95, 675, 0, '2025-04-28 12:11:03', 1),
(611, 32.7, 95, 113, 0, '2025-04-28 12:11:21', 1),
(612, 32.6, 95, 277, 0, '2025-04-28 12:11:40', 1),
(613, 32.6, 95, 16, 0, '2025-04-28 12:11:58', 1),
(614, 32.6, 95, 16, 0, '2025-04-28 12:12:16', 1),
(615, 32.7, 95, 12, 0, '2025-04-28 12:12:34', 1),
(616, 32.7, 95, 12, 0, '2025-04-28 12:12:52', 1),
(617, 32.7, 95, 12, 0, '2025-04-28 12:13:09', 1),
(618, 32.6, 95, 13, 0, '2025-04-28 12:13:26', 1),
(619, 32.6, 95, 13, 0, '2025-04-28 12:13:43', 1),
(620, 32.6, 95, 15, 0, '2025-04-28 12:14:01', 1),
(621, 32.6, 95, 13, 0, '2025-04-28 12:14:19', 1),
(622, 32.6, 95, 21, 0, '2025-04-28 13:04:18', 1),
(623, 32.7, 95, 40, 0, '2025-04-28 13:04:36', 1),
(624, 32.8, 95, 49, 0, '2025-04-28 13:04:54', 1),
(625, 32.9, 95, 152, 0, '2025-04-28 13:05:12', 1),
(626, 32.9, 95, 152, 0, '2025-04-28 13:05:33', 1),
(627, 32.8, 95, 41, 0, '2025-04-28 13:05:53', 1),
(628, 32.9, 95, 13, 0, '2025-04-28 13:06:13', 1),
(629, 32.9, 95, 13, 0, '2025-04-28 13:06:33', 1),
(630, 32.9, 95, 13, 0, '2025-04-28 13:06:53', 1),
(631, 32.9, 95, 13, 0, '2025-04-28 13:07:13', 1),
(632, 32.1, 95, 14, 0, '2025-04-28 13:07:34', 1),
(633, 32.9, 95, 0, 0, '2025-04-28 13:13:02', 1),
(634, 32.9, 95, 0, 0, '2025-04-28 13:13:19', 1),
(635, 32.9, 95, 0, 0, '2025-04-28 13:13:44', 1),
(636, 32.9, 95, 0, 0, '2025-04-28 15:49:52', 1),
(637, 32.9, 95, 0, 0, '2025-04-28 15:50:40', 1),
(638, 32.9, 95, 0, 0, '2025-04-28 15:50:59', 1),
(639, 32.9, 95, 0, 0, '2025-04-28 15:54:19', 1),
(640, 32.9, 95, 0, 0, '2025-04-28 16:00:10', 1),
(641, 32.9, 95, 0, 0, '2025-04-28 16:02:24', 1),
(642, 32.9, 95, 0, 0, '2025-04-28 16:02:43', 1),
(643, 32.9, 95, 0, 0, '2025-04-28 16:13:23', 1),
(644, 32.9, 95, 0, 0, '2025-04-28 17:52:21', 1),
(645, 32.9, 95, 0, 0, '2025-04-28 18:06:07', 1),
(646, 32.9, 95, 0, 0, '2025-04-28 18:25:50', 1),
(647, 32.9, 95, 0, 0, '2025-04-28 18:28:40', 1),
(648, 32.9, 95, 0, 0, '2025-04-28 18:58:04', 1),
(649, 32.9, 95, 0, 0, '2025-04-28 22:37:46', 1),
(650, 32.9, 95, 0, 0, '2025-04-29 09:08:31', 1),
(651, 32.9, 95, 0, 0, '2025-04-29 09:08:48', 1),
(652, 32.9, 95, 0, 0, '2025-04-29 09:09:05', 1),
(653, 32.9, 95, 0, 0, '2025-04-29 09:09:23', 1),
(654, 32.9, 95, 0, 0, '2025-04-29 09:09:41', 1),
(655, 32.9, 95, 0, 0, '2025-04-29 09:10:31', 1),
(656, 32.9, 95, 0, 0, '2025-04-29 09:11:31', 1),
(657, 32, 95, 56, 0, '2025-04-29 09:12:31', 1),
(658, 32, 95, 56, 0, '2025-04-29 09:12:48', 1),
(659, 32, 95, 56, 0, '2025-04-29 09:13:06', 1),
(660, 32, 95, 56, 0, '2025-04-29 09:13:24', 1),
(661, 32, 95, 56, 0, '2025-04-29 09:13:42', 1),
(662, 32, 95, 56, 0, '2025-04-29 09:14:31', 1),
(663, 32, 95, 56, 0, '2025-04-29 09:15:31', 1),
(664, 33.9, 95, 37, 0, '2025-04-29 11:43:44', 1),
(665, 33.9, 95, 37, 0, '2025-04-29 11:44:02', 1),
(666, 34, 95, 41, 0, '2025-04-29 11:44:20', 1),
(667, 34.5, 95, 40, 0, '2025-04-29 11:44:38', 1),
(668, 34.3, 95, 57, 0, '2025-04-29 12:12:51', 1),
(669, 34.3, 95, 57, 0, '2025-04-29 12:13:08', 1),
(670, 34.2, 95, 56, 0, '2025-04-29 12:13:26', 1),
(671, 34.2, 95, 4802, 0, '2025-04-29 12:13:43', 1),
(672, 34.2, 95, 4802, 0, '2025-04-29 12:45:02', 1),
(673, 34.2, 95, 4802, 0, '2025-04-29 12:45:43', 1),
(674, 34.4, 95, 49, 0, '2025-04-29 12:46:00', 1),
(675, 34.4, 95, 49, 0, '2025-04-29 16:07:33', 1),
(676, 34.4, 95, 49, 0, '2025-04-29 17:04:01', 1),
(677, 34.4, 95, 49, 0, '2025-04-29 17:12:03', 1),
(678, 34.4, 95, 49, 0, '2025-05-04 00:10:56', 1),
(679, 34.4, 95, 49, 0, '2025-05-04 00:16:18', 1),
(680, 34.4, 95, 49, 0, '2025-05-04 00:21:28', 1),
(681, 34.4, 95, 49, 0, '2025-05-22 19:59:15', 1),
(682, 34.4, 95, 49, 0, '2025-05-22 19:59:47', 1),
(683, 34.4, 95, 49, 0, '2025-05-22 20:29:06', 1),
(684, 34.4, 95, 49, 0, '2025-05-22 20:29:26', 1),
(685, 34.4, 95, 49, 0, '2025-05-22 20:29:46', 1),
(686, 34.4, 95, 49, 0, '2025-05-22 20:30:05', 1),
(687, 34.4, 95, 49, 0, '2025-05-22 20:30:24', 1),
(688, 34.4, 95, 49, 0, '2025-05-22 20:30:44', 1),
(689, 34.4, 95, 49, 0, '2025-05-22 20:31:08', 1),
(690, 34.4, 95, 49, 0, '2025-05-22 20:31:27', 1),
(691, 34.4, 95, 49, 0, '2025-05-22 20:32:20', 1),
(692, 34.4, 95, 49, 0, '2025-05-22 21:03:48', 1),
(693, 34.4, 95, 49, 0, '2025-05-22 21:25:52', 1),
(694, 34.4, 95, 49, 0, '2025-05-22 21:29:22', 1),
(695, 34.4, 95, 49, 0, '2025-05-22 21:29:39', 1),
(696, 34.4, 95, 49, 0, '2025-05-22 21:29:57', 1),
(697, 34.4, 95, 49, 0, '2025-05-22 21:30:15', 1),
(698, 34.4, 95, 49, 0, '2025-05-22 21:30:33', 1),
(699, 34.4, 95, 49, 0, '2025-05-23 19:36:01', 1),
(700, 34.4, 95, 49, 0, '2025-05-23 19:36:19', 1),
(701, 34.4, 95, 49, 0, '2025-05-23 19:36:49', 1),
(702, 34.4, 95, 49, 0, '2025-05-23 19:37:08', 1),
(703, 34.4, 95, 49, 0, '2025-05-23 19:54:40', 1),
(704, 34.4, 95, 49, 0, '2025-05-23 19:57:00', 1),
(705, 34.4, 95, 49, 0, '2025-05-23 19:58:22', 1),
(706, 34.4, 95, 49, 0, '2025-05-23 19:58:40', 1),
(707, 34.4, 95, 49, 0, '2025-05-23 19:59:16', 1),
(708, 34.4, 95, 49, 0, '2025-05-23 19:59:34', 1),
(709, 34.4, 95, 49, 0, '2025-05-23 19:59:51', 1),
(710, 34.4, 95, 49, 0, '2025-05-28 18:29:32', 1),
(711, 34.4, 95, 49, 0, '2025-05-28 18:30:18', 1),
(712, 34.4, 95, 49, 0, '2025-05-28 22:30:25', 1),
(713, 34.4, 95, 49, 0, '2025-05-29 09:51:04', 1),
(714, 34.4, 95, 49, 0, '2025-05-29 09:51:22', 1),
(715, 34.4, 95, 49, 0, '2025-05-29 09:58:30', 1),
(716, 34.4, 95, 49, 0, '2025-05-29 09:58:48', 1),
(717, 34.4, 95, 49, 0, '2025-05-29 09:59:07', 1),
(718, 34.4, 95, 49, 0, '2025-05-29 09:59:25', 1),
(719, 29.4, 85, 70, 0, '2025-05-29 10:16:48', 1),
(720, 29.4, 85, 70, 0, '2025-05-29 10:17:06', 1),
(721, 29.7, 83, 75, 3, '2025-05-29 10:17:24', 1),
(722, 29.7, 83, 75, 3, '2025-05-29 10:17:44', 1),
(723, 29.7, 83, 75, 3, '2025-05-29 10:18:09', 1),
(724, 29.7, 83, 75, 3, '2025-05-29 10:18:49', 1),
(725, 29.7, 83, 75, 3, '2025-05-29 10:19:43', 1),
(726, 29.8, 83, 74, 3, '2025-05-29 10:20:43', 1),
(727, 29.8, 81, 74, 3, '2025-05-29 10:21:05', 1),
(728, 29.8, 82, 77, 3, '2025-05-29 10:21:23', 1),
(729, 29.8, 82, 77, 3, '2025-05-29 10:21:41', 1),
(730, 30.1, 83, 78, 3, '2025-05-29 10:22:00', 1),
(731, 30, 82, 77, 3, '2025-05-29 10:22:19', 1),
(732, 29.9, 82, 304, 2, '2025-05-29 10:22:37', 1),
(733, 29.9, 82, 304, 2, '2025-05-29 10:22:55', 1),
(734, 29.9, 82, 304, 2, '2025-05-29 10:23:13', 1),
(735, 29.9, 84, 78, 2, '2025-05-29 10:23:31', 1),
(736, 30.1, 83, 653, 2, '2025-05-29 10:23:49', 1),
(737, 30.1, 83, 1310, 2, '2025-05-29 10:24:07', 1),
(738, 30.2, 82, 1109, 2, '2025-05-29 10:24:26', 1),
(739, 30.2, 82, 1109, 2, '2025-05-29 10:24:45', 1),
(740, 30.2, 82, 1109, 2, '2025-05-29 10:25:03', 1),
(741, 30.2, 82, 1109, 2, '2025-05-29 10:25:21', 1),
(742, 30.2, 82, 1109, 2, '2025-05-29 10:25:41', 1),
(743, 30.2, 82, 1109, 2, '2025-05-29 10:25:59', 1),
(744, 30.2, 82, 1109, 2, '2025-05-29 10:26:17', 1),
(745, 30.2, 82, 1109, 2, '2025-05-29 10:26:36', 1),
(746, 30.2, 82, 1109, 2, '2025-05-29 10:26:56', 1),
(747, 30.2, 82, 1109, 2, '2025-05-29 10:27:16', 1),
(748, 30.2, 82, 1109, 2, '2025-05-29 10:27:35', 1),
(749, 30.2, 82, 1109, 2, '2025-05-29 10:27:53', 1),
(750, 30.2, 82, 1109, 2, '2025-05-29 10:28:11', 1),
(751, 30.2, 82, 1109, 2, '2025-05-29 10:28:29', 1),
(752, 30.2, 82, 1109, 2, '2025-05-29 10:28:47', 1),
(753, 30.2, 82, 1109, 2, '2025-05-29 10:29:08', 1),
(754, 30.2, 82, 1109, 2, '2025-05-29 10:29:27', 1),
(755, 30.2, 82, 1109, 2, '2025-05-29 10:29:48', 1),
(756, 30.2, 82, 1109, 2, '2025-05-29 10:30:07', 1),
(757, 30.2, 82, 1109, 2, '2025-05-29 10:30:27', 1),
(758, 30.2, 82, 1109, 2, '2025-06-09 20:52:09', 1);

-- --------------------------------------------------------

--
-- Table structure for table `users`
--

CREATE TABLE `users` (
  `id` int(11) NOT NULL,
  `email` varchar(255) NOT NULL,
  `password` varchar(255) NOT NULL,
  `created_at` timestamp NOT NULL DEFAULT current_timestamp()
) ENGINE=InnoDB DEFAULT CHARSET=utf8mb4 COLLATE=utf8mb4_general_ci;

--
-- Dumping data for table `users`
--

INSERT INTO `users` (`id`, `email`, `password`, `created_at`) VALUES
(1, '123@gmail.com', '$2y$10$dyCulluuRisAtgJ..ZLEC.dD/uPrP2re4K5fHkC3yeZGkfnVmgb6a', '2025-04-22 06:39:34'),
(2, 'klsvdit@gmail.com', '$2y$10$qov4UmdhW7PHwqRXQp0EH.oUOndG0Ol9Q19x8mFBzDfqFPqvDdIea', '2025-04-22 09:31:25');

--
-- Indexes for dumped tables
--

--
-- Indexes for table `cameras`
--
ALTER TABLE `cameras`
  ADD PRIMARY KEY (`id`),
  ADD KEY `user_id` (`user_id`);

--
-- Indexes for table `devices`
--
ALTER TABLE `devices`
  ADD PRIMARY KEY (`id`),
  ADD KEY `room_id` (`room_id`);

--
-- Indexes for table `media_settings`
--
ALTER TABLE `media_settings`
  ADD PRIMARY KEY (`id`),
  ADD KEY `user_id` (`user_id`);

--
-- Indexes for table `rooms`
--
ALTER TABLE `rooms`
  ADD PRIMARY KEY (`id`),
  ADD KEY `user_id` (`user_id`);

--
-- Indexes for table `sensors_data`
--
ALTER TABLE `sensors_data`
  ADD PRIMARY KEY (`id`),
  ADD KEY `room_id` (`room_id`);

--
-- Indexes for table `sensor_reading`
--
ALTER TABLE `sensor_reading`
  ADD PRIMARY KEY (`id`),
  ADD KEY `room_id` (`room_id`);

--
-- Indexes for table `users`
--
ALTER TABLE `users`
  ADD PRIMARY KEY (`id`),
  ADD UNIQUE KEY `email` (`email`);

--
-- AUTO_INCREMENT for dumped tables
--

--
-- AUTO_INCREMENT for table `cameras`
--
ALTER TABLE `cameras`
  MODIFY `id` int(11) NOT NULL AUTO_INCREMENT, AUTO_INCREMENT=8;

--
-- AUTO_INCREMENT for table `devices`
--
ALTER TABLE `devices`
  MODIFY `id` int(11) NOT NULL AUTO_INCREMENT, AUTO_INCREMENT=11;

--
-- AUTO_INCREMENT for table `media_settings`
--
ALTER TABLE `media_settings`
  MODIFY `id` int(11) NOT NULL AUTO_INCREMENT, AUTO_INCREMENT=3;

--
-- AUTO_INCREMENT for table `rooms`
--
ALTER TABLE `rooms`
  MODIFY `id` int(11) NOT NULL AUTO_INCREMENT, AUTO_INCREMENT=3;

--
-- AUTO_INCREMENT for table `sensors_data`
--
ALTER TABLE `sensors_data`
  MODIFY `id` int(11) NOT NULL AUTO_INCREMENT;

--
-- AUTO_INCREMENT for table `sensor_reading`
--
ALTER TABLE `sensor_reading`
  MODIFY `id` int(11) NOT NULL AUTO_INCREMENT, AUTO_INCREMENT=759;

--
-- AUTO_INCREMENT for table `users`
--
ALTER TABLE `users`
  MODIFY `id` int(11) NOT NULL AUTO_INCREMENT, AUTO_INCREMENT=3;

--
-- Constraints for dumped tables
--

--
-- Constraints for table `cameras`
--
ALTER TABLE `cameras`
  ADD CONSTRAINT `cameras_ibfk_1` FOREIGN KEY (`user_id`) REFERENCES `users` (`id`) ON DELETE CASCADE;

--
-- Constraints for table `devices`
--
ALTER TABLE `devices`
  ADD CONSTRAINT `devices_ibfk_1` FOREIGN KEY (`room_id`) REFERENCES `rooms` (`id`) ON DELETE CASCADE;

--
-- Constraints for table `media_settings`
--
ALTER TABLE `media_settings`
  ADD CONSTRAINT `media_settings_ibfk_1` FOREIGN KEY (`user_id`) REFERENCES `users` (`id`) ON DELETE CASCADE;

--
-- Constraints for table `rooms`
--
ALTER TABLE `rooms`
  ADD CONSTRAINT `rooms_ibfk_1` FOREIGN KEY (`user_id`) REFERENCES `users` (`id`) ON DELETE CASCADE;

--
-- Constraints for table `sensors_data`
--
ALTER TABLE `sensors_data`
  ADD CONSTRAINT `sensors_data_ibfk_1` FOREIGN KEY (`room_id`) REFERENCES `rooms` (`id`) ON DELETE CASCADE;

--
-- Constraints for table `sensor_reading`
--
ALTER TABLE `sensor_reading`
  ADD CONSTRAINT `sensor_reading_ibfk_1` FOREIGN KEY (`room_id`) REFERENCES `rooms` (`id`);
COMMIT;

/*!40101 SET CHARACTER_SET_CLIENT=@OLD_CHARACTER_SET_CLIENT */;
/*!40101 SET CHARACTER_SET_RESULTS=@OLD_CHARACTER_SET_RESULTS */;
/*!40101 SET COLLATION_CONNECTION=@OLD_COLLATION_CONNECTION */;
